token_address,receiver,amount
0x3472A5A71965499acd81997a54BBA8D852C6E53d,0xb4ec60de5ee53988e98f596655ef0b7110bb8d95,10
0x3472A5A71965499acd81997a54BBA8D852C6E53d,0x3d0576fadc008ede206edf3506d3d7a94351a5a6,10
0x3472A5A71965499acd81997a54BBA8D852C6E53d,0xaa13905714dc09e1c51926869ddf2f3f2f1f3133,10
0x3472A5A71965499acd81997a54BBA8D852C6E53d,0x0c0c3df3ee78c0e503ae28e14d69a697653b554b,10
0x3472A5A71965499acd81997a54BBA8D852C6E53d,0x3bdb6119802ef01eab4e2a74bedb5e0227bed49a,10
0x3472A5A71965499acd81997a54BBA8D852C6E53d,0xa1d509af0ab2e2c2fbff2ac5bb1fad50ba16c65d,10
0x3472A5A71965499acd81997a54BBA8D852C6E53d,0x29f7114e0261ae413ecc30ae3849fdf929e45f35,10
0x3472A5A71965499acd81997a54BBA8D852C6E53d,0x887b86b6b6957f7bbea88b8cefd392f39236a88c,10
0x3472A5A71965499acd81997a54BBA8D852C6E53d,0x6dce215f5d0209bee096fb5147c423344d10553b,10
0x3472A5A71965499acd81997a54BBA8D852C6E53d,0xc57c51d4978f96a40937e19db35326dca0f5fdd0,10
0x3472A5A71965499acd81997a54BBA8D852C6E53d,0x7b2366996a64effe1af089fa64e9cf4361fddc6e,10
0x3472A5A71965499acd81997a54BBA8D852C6E53d,0x48563b586c509faea52e17cc42f83f14b1d3759b,10
0x3472A5A71965499acd81997a54BBA8D852C6E53d,0x564b31fe75510a1adb311aece4faa63346ed142c,10
0x3472A5A71965499acd81997a54BBA8D852C6E53d,0xb0812e0006470fe99f71165fc7c1a2312f7b90f2,10
0x3472A5A71965499acd81997a54BBA8D852C6E53d,0xfa5756494fea34c83808ccb6626f6b7e66d46c4c,10
0x3472A5A71965499acd81997a54BBA8D852C6E53d,0xa3dfb42724734d74d1b66f6f12a4afa5d7d38df2,10
0x3472A5A71965499acd81997a54BBA8D852C6E53d,0x073aba73177668ba1c6661a4ccddbf77dfc8809a,10
0x3472A5A71965499acd81997a54BBA8D852C6E53d,0x0d83da5028c2d5e9dd9661d913799396bdf39699,10
0x3472A5A71965499acd81997a54BBA8D852C6E53d,0x40581470c9b8724af5ed35b72201f5a434f82340,10
0x3472A5A71965499acd81997a54BBA8D852C6E53d,0xe8b2d43eb45074b1dfac494641e15791b32d27a6,10
0x3472A5A71965499acd81997a54BBA8D852C6E53d,0x65544898b40e9ad57e15721ea3003b5e40547ce8,10
0x3472A5A71965499acd81997a54BBA8D852C6E53d,0xee4c633368f1fdbc0be5845c32dd592c40368bb0,10
0x3472A5A71965499acd81997a54BBA8D852C6E53d,0x131c71e79b62c38df5123bd89559577e3abbdce7,10
0x3472A5A71965499acd81997a54BBA8D852C6E53d,0x92a7f0dfb36af2781f4c56ee7f7458794343cc8b,10
0x3472A5A71965499acd81997a54BBA8D852C6E53d,0x577be3ed9a71e1c355f519bbdf5f09ba2018b1cc,10
0x3472A5A71965499acd81997a54BBA8D852C6E53d,0x7759d0dbeab2270bea6f35679344d4d67b10cce9,10
0x3472A5A71965499acd81997a54BBA8D852C6E53d,0xb9b4f5921dddd83313c5b70fe582f197c0d900a8,10
0x3472A5A71965499acd81997a54BBA8D852C6E53d,0x6fb737d1ebb73cda6cfa36fd16d9273065d1b084,10
0x3472A5A71965499acd81997a54BBA8D852C6E53d,0x18a428ce0c31584a21cf8cefdb8849d8013e1994,10
0x3472A5A71965499acd81997a54BBA8D852C6E53d,0x270d2924ca13f54632601647fb225db8eb61fb49,10
0x3472A5A71965499acd81997a54BBA8D852C6E53d,0x4899b9244c20b9718bd99e8aa12f7ca49eac361b,10
0x3472A5A71965499acd81997a54BBA8D852C6E53d,0x55836e71979b41a28ff1e85b9b2e6f7907569c9c,10
0x3472A5A71965499acd81997a54BBA8D852C6E53d,0xb67620e8c9e19592b616942f895153e2dcf9ccb6,10
0x3472A5A71965499acd81997a54BBA8D852C6E53d,0x246f1158892117e911d2a5247f37e63f84072150,10
0x3472A5A71965499acd81997a54BBA8D852C6E53d,0x1e068f7a77434ec4ff313b087a55ab3b50174ed1,10
0x3472A5A71965499acd81997a54BBA8D852C6E53d,0xe71f09556786d2183d4c64fb317a2ea2c5cf80e8,10
0x3472A5A71965499acd81997a54BBA8D852C6E53d,0xbda23d50dc2a7f5730fff8175c8cd4667af815dd,10
0x3472A5A71965499acd81997a54BBA8D852C6E53d,0x0c1e99991dd2f7d374bff13f9f52284ce6cfdae5,10
0x3472A5A71965499acd81997a54BBA8D852C6E53d,0xad1819cc1a6dbcfe293b49e1930ec0f8c872a2cd,10
0x3472A5A71965499acd81997a54BBA8D852C6E53d,0xde2f2aed377e8e9a015a2a91954545aac38fd83a,10
0x3472A5A71965499acd81997a54BBA8D852C6E53d,0x22510fe99f63ae03ba792c21a29ec10fd87cae08,10
0x3472A5A71965499acd81997a54BBA8D852C6E53d,0xb970c89c27380363626d44f84e2844617e9ff969,10
0x3472A5A71965499acd81997a54BBA8D852C6E53d,0x36e992c989b242a098c02735e66170ea19447861,10
0x3472A5A71965499acd81997a54BBA8D852C6E53d,0xd76a9cba16b91f4a5927bd496f20de108ff445a7,10
0x3472A5A71965499acd81997a54BBA8D852C6E53d,0xc9e8212b505f7463b3356855d452cb0fa6e2b481,10
0x3472A5A71965499acd81997a54BBA8D852C6E53d,0x538e597a31f044cd0d88afa914f2602d08cdb7f0,10
0x3472A5A71965499acd81997a54BBA8D852C6E53d,0x886f6ab61294e7650de300e0d026b1408f1e160f,10
0x3472A5A71965499acd81997a54BBA8D852C6E53d,0xc78163f8c600ea7568c146ec29d5232a341584f3,10
0x3472A5A71965499acd81997a54BBA8D852C6E53d,0xb366e2348ca1e6d46d9124e719be8a7cf4b1dc86,10
0x3472A5A71965499acd81997a54BBA8D852C6E53d,0x27ebbf89db8ad8b430de2fc71e4053f1fdf00703,10
0x3472A5A71965499acd81997a54BBA8D852C6E53d,0xd8a7b7b40c115066b745675812e90f4cf25da5ed,10
0x3472A5A71965499acd81997a54BBA8D852C6E53d,0x5974ab4cadc4f429c1a477b0b52a2209afa0179e,10
0x3472A5A71965499acd81997a54BBA8D852C6E53d,0x13ca88c90c49024ac11098965b9ff4d4a1550768,10
0x3472A5A71965499acd81997a54BBA8D852C6E53d,0x2d0e9e8197c541704ead0aeb35ef5f03dc35bc6d,10
0x3472A5A71965499acd81997a54BBA8D852C6E53d,0xa901368aec255b1e6df31edf8aa735ff16bb12a8,10
0x3472A5A71965499acd81997a54BBA8D852C6E53d,0x3a2d016124df975850b84a6a970ecd5725bf793d,10
0x3472A5A71965499acd81997a54BBA8D852C6E53d,0xb84848ce4a46a44f06864b5decc2fe07b842cf30,10
0x3472A5A71965499acd81997a54BBA8D852C6E53d,0x789a9fe9d50ecf6f16022b93ba90b65a4a04bf5d,10
0x3472A5A71965499acd81997a54BBA8D852C6E53d,0xaebcc707edac413af8782c5bb1a29a6b2d904719,10
0x3472A5A71965499acd81997a54BBA8D852C6E53d,0xd65370c5565f2bea121f3c22823233f98a4be793,10
0x3472A5A71965499acd81997a54BBA8D852C6E53d,0xaabd5fbcb8ad62d4fbbb02a2e9769a9f2ee7e883,10
0x3472A5A71965499acd81997a54BBA8D852C6E53d,0xa362a6d78d07f3ff28446d1fba483f78d74c0e3b,10
0x3472A5A71965499acd81997a54BBA8D852C6E53d,0x4d5bf3886935d0966479c651a3448ffaaf32252b,10
0x3472A5A71965499acd81997a54BBA8D852C6E53d,0x81c5e53ac8e5af8966b332742fcd2e06d101bb70,10
0x3472A5A71965499acd81997a54BBA8D852C6E53d,0x84a6a7c0674a3aa03e09c026600cb46181821f07,10
0x3472A5A71965499acd81997a54BBA8D852C6E53d,0xdb611d682cb1ad72fcbacd944a8a6e2606a6d158,10
0x3472A5A71965499acd81997a54BBA8D852C6E53d,0x10840431b90f516548e439caeeea74d7266a93fc,10
0x3472A5A71965499acd81997a54BBA8D852C6E53d,0xcf3ca65ded58e0ef7f22726b5b705d9e30d2bc0e,10
0x3472A5A71965499acd81997a54BBA8D852C6E53d,0x4ae958b4de0e6f21d51e73625fb9d5e0c3b0985f,10
0x3472A5A71965499acd81997a54BBA8D852C6E53d,0xa9c1c504652ab74e5fd22d6f36df53a2be4a4e0b,10
0x3472A5A71965499acd81997a54BBA8D852C6E53d,0x00c67d9d6d3d13b42a87424e145826c467cccd84,10
0x3472A5A71965499acd81997a54BBA8D852C6E53d,0x18bafc34abc16187b5887742c3dac59e5b51d509,10
0x3472A5A71965499acd81997a54BBA8D852C6E53d,0x4fc5a19e45de02592a4d0241869f969f68255e9c,10
0x3472A5A71965499acd81997a54BBA8D852C6E53d,0x380886e656ce40bd145a9fb85ac7e3dc51d5ee8b,10
0x3472A5A71965499acd81997a54BBA8D852C6E53d,0x10752ae123f8f65ee7609b336c77bb941c584bba,10
0x3472A5A71965499acd81997a54BBA8D852C6E53d,0x2167e76c32441c4fe1dcbfb1edf0ba2e6d1cd024,10
0x3472A5A71965499acd81997a54BBA8D852C6E53d,0x4abc33cf81e0d21f42168d044f7002edd6b80b09,10
0x3472A5A71965499acd81997a54BBA8D852C6E53d,0x3e7dd7df9c1ffd12b8ecd94a27472bdc4d87ab7e,10
0x3472A5A71965499acd81997a54BBA8D852C6E53d,0x6d0bbe84eba47434a0004fc65797b87ef1c913b7,10
0x3472A5A71965499acd81997a54BBA8D852C6E53d,0xd6ab15700f2fc1b31f293a32c502bde51cc532a3,10
0x3472A5A71965499acd81997a54BBA8D852C6E53d,0x53c40473dcdfd927c4201ccfe24e314a7d7c3584,10
0x3472A5A71965499acd81997a54BBA8D852C6E53d,0xc84350bce9259d11f7518564520c9d3d6dde3871,10
0x3472A5A71965499acd81997a54BBA8D852C6E53d,0x1f3e2ab8fe0c6e1f47acdcaa0b3b9db4044f7909,10
0x3472A5A71965499acd81997a54BBA8D852C6E53d,0x4bad2833c44424423518194f07c4917be28d7363,10
0x3472A5A71965499acd81997a54BBA8D852C6E53d,0x3f6e4667fec54733fb3b15993b9ce96b69b65cb3,10
0x3472A5A71965499acd81997a54BBA8D852C6E53d,0xc7c10871096b36b036e41d45d15b32b0cc74b806,10
0x3472A5A71965499acd81997a54BBA8D852C6E53d,0xdc5f91d10d37f93ffcb36189dbd61310f33db76a,10
0x3472A5A71965499acd81997a54BBA8D852C6E53d,0x8061199a31983a077e691c08b2263a4cf5c24093,10
0x3472A5A71965499acd81997a54BBA8D852C6E53d,0x53d8edf6a54239eb785ec72213919fb6b6b73598,10
0x3472A5A71965499acd81997a54BBA8D852C6E53d,0x0fd492cb2440074b9b5f16dd008a972c55c60a49,10
0x3472A5A71965499acd81997a54BBA8D852C6E53d,0x1fafb618033fb07d3a99704a47451971976cb586,10
0x3472A5A71965499acd81997a54BBA8D852C6E53d,0xcf4ff1e03830d692f52eb094c52a5a6a2181ab3f,10
0x3472A5A71965499acd81997a54BBA8D852C6E53d,0xabe780bdc3872b4dec16bd44b2bb999f9151ae28,10
0x3472A5A71965499acd81997a54BBA8D852C6E53d,0x59cea9c7245276c06062d2fe3f79ee21fc70b53c,10
0x3472A5A71965499acd81997a54BBA8D852C6E53d,0x1991059f78026d50739100d5eeda2723f8d9dd52,10
0x3472A5A71965499acd81997a54BBA8D852C6E53d,0x79ad42161a55840d1327c39d7b47d12d6cc4c68a,10
0x3472A5A71965499acd81997a54BBA8D852C6E53d,0x647c920102f251da87fb4d21aea5a322358f2721,10
0x3472A5A71965499acd81997a54BBA8D852C6E53d,0xb5c46131b4d8d13e4c0e476b9a2ea5b43945891e,10
0x3472A5A71965499acd81997a54BBA8D852C6E53d,0xc38899d01dc59a92e38cbe5feec9fadd0eb063b9,10
0x3472A5A71965499acd81997a54BBA8D852C6E53d,0xdaf584854eaefd27000ef3bfff4407bd3115a7ba,10
0x3472A5A71965499acd81997a54BBA8D852C6E53d,0xe26edca05417a65819295c49fc67272ab247d791,10
0x3472A5A71965499acd81997a54BBA8D852C6E53d,0x0c6ac3fcea667fd6c62483ce1dbbce6f6ce0fb1f,10
0x3472A5A71965499acd81997a54BBA8D852C6E53d,0x0ece7c1bfc9543b2cbea8f5577d02e5f59a9f176,10
0x3472A5A71965499acd81997a54BBA8D852C6E53d,0x07e9d06db58a77407db95d93fbe1275a46f97463,10
0x3472A5A71965499acd81997a54BBA8D852C6E53d,0xcae1b304a284c700d93c861ceebce054d837dbf3,10
0x3472A5A71965499acd81997a54BBA8D852C6E53d,0xfca2aaeb27a75ea21ee57879242b7de7247a3f04,10
0x3472A5A71965499acd81997a54BBA8D852C6E53d,0xf116569b3f888d639372a5485685a6d8ee28a593,10
0x3472A5A71965499acd81997a54BBA8D852C6E53d,0x5275817b74021e97c980e95ede6bbac0d0d6f3a2,10
0x3472A5A71965499acd81997a54BBA8D852C6E53d,0x3812364136fe59a5db130666925be092050bd8ba,10
0x3472A5A71965499acd81997a54BBA8D852C6E53d,0x9b54264d7502f80163ea949038aad771eae67e38,10
0x3472A5A71965499acd81997a54BBA8D852C6E53d,0x25e6f3e429ab5e859d8fb63d40b1215ea31e9a5a,10
0x3472A5A71965499acd81997a54BBA8D852C6E53d,0xe0ee80f8546ce8ab232f000afcc61e4ebeb4d14e,10
0x3472A5A71965499acd81997a54BBA8D852C6E53d,0x720b304e1f7f2ac7d1e60b03289b13a8a764f315,10
0x3472A5A71965499acd81997a54BBA8D852C6E53d,0x70ed0e7db53c021e46732d18e620d763ceef888f,10
0x3472A5A71965499acd81997a54BBA8D852C6E53d,0x1f0609168f8c955e914d89a19ffbb2859aee6d90,10
0x3472A5A71965499acd81997a54BBA8D852C6E53d,0xa678abb7fa735b6a42c78214d6b150849c9570c4,10
0x3472A5A71965499acd81997a54BBA8D852C6E53d,0x24d734a75166e66000c8d7f12a173e41358e3cc1,10
0x3472A5A71965499acd81997a54BBA8D852C6E53d,0xebaccaccd4225c0a46c57fe7d9176fd9c1ab9070,10
0x3472A5A71965499acd81997a54BBA8D852C6E53d,0x97944e369a1af4040816f157134edca8e9f82ecd,10
0x3472A5A71965499acd81997a54BBA8D852C6E53d,0xd5404f9caf329b50a13c3de5ef6ecc39ab2d7571,10
0x3472A5A71965499acd81997a54BBA8D852C6E53d,0x01a0f8f364c2fec07cfcdebd2980da3f950d0410,10
0x3472A5A71965499acd81997a54BBA8D852C6E53d,0xe107a20ce3836329a3c310e9a2da812cfb177f72,10
0x3472A5A71965499acd81997a54BBA8D852C6E53d,0x0e61dae710688c22d8f6d0c3fdd1735d27ddff8f,10
0x3472A5A71965499acd81997a54BBA8D852C6E53d,0xd59e99927018b995ee9ad6b9003677f1e7393f8a,10
0x3472A5A71965499acd81997a54BBA8D852C6E53d,0xd3fe68d8b606205eddce2d9a6e5839e82ecb24eb,10
0x3472A5A71965499acd81997a54BBA8D852C6E53d,0xe024d0f8b612fa88d5678e279ea236403868f1f6,10
0x3472A5A71965499acd81997a54BBA8D852C6E53d,0xbcff81420d024627edd07ab9468aff7881805d57,10
0x3472A5A71965499acd81997a54BBA8D852C6E53d,0x961eed3b7d4b7c261ee5b023e5f857af5af1e700,10
0x3472A5A71965499acd81997a54BBA8D852C6E53d,0xd87ecc6c74f486b044824a222326a96f696fcfa2,10
0x3472A5A71965499acd81997a54BBA8D852C6E53d,0x794783dcfcac8c1944727057a3208d8f8bb91506,10
0x3472A5A71965499acd81997a54BBA8D852C6E53d,0x465b357bbac5f6f3bc78669db6980f9eaa21d0c2,10
0x3472A5A71965499acd81997a54BBA8D852C6E53d,0xfdbbfb0fe2986672af97eca0e797d76a0bbf35c9,10
0x3472A5A71965499acd81997a54BBA8D852C6E53d,0xcf0afa96743819d52515bff99635a7978f2a856f,10
0x3472A5A71965499acd81997a54BBA8D852C6E53d,0xd50f649a2c9fd7ae88c223da80e985d71de45593,10
0x3472A5A71965499acd81997a54BBA8D852C6E53d,0x26fcbd3afebbe28d0a8684f790c48368d21665b5,10
0x3472A5A71965499acd81997a54BBA8D852C6E53d,0x7bfee91193d9df2ac0bfe90191d40f23c773c060,10
0x3472A5A71965499acd81997a54BBA8D852C6E53d,0x2649bb086552825ced34545388dbc40f6c51fea0,10
0x3472A5A71965499acd81997a54BBA8D852C6E53d,0x1d8d739912aae17819618e6e33580284c16785a9,10
0x3472A5A71965499acd81997a54BBA8D852C6E53d,0xa25a9b7c73158b3b34215925796ce6aa8100c13a,10
0x3472A5A71965499acd81997a54BBA8D852C6E53d,0x1447b49b636cb1fa24281efcd66aaac44188e3bc,10
0x3472A5A71965499acd81997a54BBA8D852C6E53d,0x6b9dfc960299166df15ab8a85f054c69e2be2353,10
0x3472A5A71965499acd81997a54BBA8D852C6E53d,0x53461e4fddcc1385f1256ae24ce3505be664f249,10
